{
    "r2": {
        "value": 0.9137559899
    },
    "mse": {
        "value": 313751.4109976932
    },
    "mae": {
        "value": 238.336865077
    },
    "mape_test": {
        "value": 0.0509853504
    },
    "mape_train": {
        "value": 0.018503379
    }
}