{
    "r2": {
        "value": 0.913335184
    },
    "mse": {
        "value": 315282.2820094476
    },
    "mae": {
        "value": 238.804773981
    },
    "mape_test": {
        "value": 0.0511489378
    },
    "mape_train": {
        "value": 0.0180580948
    }
}