{
    "r2": {
        "value": 0.8016324587
    },
    "mse": {
        "value": 721651.2300889548
    },
    "mae": {
        "value": 556.7132018343
    },
    "mape_test": {
        "value": 0.1437986622
    },
    "mape_train": {
        "value": 0.081531212
    }
}